id,emp_name,height
1,Alexander,187
2,Blondie,156
3,Bayard,154
4,Robyn,156
5,Ingmar,151
6,Rowe,182
7,Maximilian,166
8,Doralia,153
9,Marni,181
10,Susanne,152
11,Amandie,150
12,Constantin,178
13,Matthieu,176
14,Major,177
15,Tadeo,168
16,Ulrikaumeko,153
17,Layne,163
18,Conney,167
19,Rosalinda,154
20,Kain,175
21,Corinne,164
22,Hayes,177
23,Orland,166
24,Carlee,150
25,Rosemary,184
26,Glynnis,171
27,Eric,181
28,Marlo,171
29,Constance,165
30,Evan,190
31,Dacia,184
32,Merola,188
33,Virginia,165
34,Shaylah,189
35,Ernestine,157
36,Jerrie,154
37,Odilia,150
38,Ofelia,183
39,Zsazsa,151
40,Coreen,168
41,Moyra,152
42,Yorgos,150
43,Gregoire,154
44,Hector,178
45,Johnath,170
46,Lainey,169
47,Griffin,179
48,Loren,183
49,Jeff,179
50,Elwyn,154
51,Krystle,173
52,Jewell,188
53,Hendrick,190
54,Maje,157
55,Karee,172
56,Davy,151
57,Emmye,155
58,Edmund,170
59,Roseanna,172
60,Alasteir,187
61,Carny,160
62,Morry,165
63,Fraze,164
64,Margi,187
65,Davey,178
66,Wilmer,184
67,Justin,172
68,Andie,185
69,Antony,164
70,Helen-elizabeth,177
71,Darnell,189
72,Killy,158
73,Athene,177
74,Juana,179
75,Haleigh,189
76,Pate,161
77,Dacia,153
78,Bernadine,166
79,Sophey,183
80,Kassie,161
81,Wyn,168
82,Dom,155
83,Essa,173
84,Lorette,158
85,Costa,188
86,Romain,177
87,Sterne,153
88,Enrica,176
89,Mela,156
90,Florette,185
91,Siward,170
92,Shelby,187
93,Garwood,169
94,Sarah,183
95,Bart,152
96,Sean,163
97,Rafaela,150
98,Roana,188
99,Edouard,184
100,Elsworth,161
101,Rosa,153
102,Charo,187
103,Siouxie,161
104,Ivett,169
105,Gwyneth,180
106,Ingelbert,179
107,Kristine,170
108,Briano,169
109,Evangelia,150
110,Thor,168
111,Shanna,174
112,Cornell,160
113,Amby,153
114,Charla,152
115,Joanna,159
116,Corinna,162
117,Kirstin,189
118,Jorrie,152
119,Noby,157
120,Elset,181
121,Daryl,155
122,Cristie,190
123,Kally,177
124,Hermann,151
125,Reinaldos,190
126,Eulalie,153
127,Dulsea,163
128,Amby,183
129,Baron,185
130,Stanislaw,175
131,Arie,170
132,Ximenez,161
133,Bernette,175
134,Gustav,150
135,Erin,157
136,Cesar,181
137,Derward,158
138,Gussy,167
139,Morley,180
140,Carey,184
141,Pail,172
142,Britta,186
143,Konstanze,179
144,Hilary,162
145,Jayme,161
146,Randolph,167
147,Marlene,174
148,Tris,152
149,Dina,162
150,Gustav,174
151,Mariellen,154
152,Polly,182
153,Levi,171
154,Joannes,168
155,Nadean,166
156,Sharron,150
157,Jaquith,182
158,Shurlock,166
159,Kassandra,155
160,Zaria,152
161,Shaine,157
162,Lark,187
163,Meredeth,150
164,Pierre,180
165,Rubina,179
166,Cy,166
167,Jackelyn,156
168,Ginger,177
169,Marita,181
170,Abbye,182
171,Roxanna,155
172,Theodore,156
173,Domingo,171
174,Yoko,174
175,Gerry,166
176,Isadore,185
177,Betta,184
178,Rollins,163
179,Arlie,174
180,Vanda,152
181,Billi,153
182,Farris,180
183,Casie,188
184,Julia,162
185,Arden,154
186,Gypsy,173
187,Christal,175
188,Elyn,164
189,Darwin,167
190,Devonne,168
191,Marillin,167
192,Agretha,161
193,Lazar,178
194,Bendick,181
195,Vickie,177
196,Cornelle,178
197,Toddy,152
198,Anjela,150
199,Kendall,163
200,Alfie,187
201,Brendan,164
202,Marcelo,167
203,Meyer,186
204,Kira,188
205,Guenevere,177
206,Talbot,173
207,Ottilie,173
208,Hannah,189
209,Dulciana,166
210,Marilin,175
211,Clevey,174
212,Quint,171
213,Aharon,177
214,Evania,151
215,Petr,173
216,Myrilla,153
217,Libbi,168
218,Jocelin,163
219,Brad,174
220,Devon,151
221,Bartholomeus,182
222,Karie,186
223,Finley,167
224,Tannie,163
225,Anya,163
226,Vic,152
227,Elsie,160
228,Liesa,159
229,Leodora,154
230,Wilbert,150
231,Munmro,165
232,Marinna,182
233,Julina,166
234,Regina,184
235,Mia,190
236,Jonas,153
237,Eliza,164
238,Jedediah,152
239,Cesaro,169
240,Hallsy,168
241,Corrianne,153
242,Fanny,151
243,Elinore,160
244,Hermie,178
245,Fairleigh,170
246,Tedd,163
247,Damien,185
248,Jody,155
249,Sharity,177
250,Carleton,189
251,Erin,163
252,Junie,151
253,Billie,177
254,Iorgo,175
255,Brody,160
256,Brinna,184
257,Hannis,159
258,Ernie,152
259,Quint,181
260,Mauricio,160
261,Tabatha,174
262,Nial,184
263,Myrwyn,188
264,Hilario,180
265,Harcourt,181
266,Regan,190
267,Elenore,186
268,Marabel,151
269,Meier,163
270,Madella,178
271,Christalle,151
272,Stormi,162
273,Rex,181
274,Bradney,162
275,Michale,152
276,Chrysler,178
277,Kellen,154
278,Alwyn,158
279,Heddie,173
280,Bard,166
281,Jarrod,162
282,Keen,171
283,Alex,163
284,Desdemona,161
285,Genovera,183
286,Hadley,171
287,Laurene,174
288,Sarene,173
289,Aldis,182
290,Bettye,162
291,Isidora,181
292,Tyson,184
293,Margareta,183
294,Sharon,158
295,Fay,177
296,Zaria,161
297,Doti,168
298,Krystalle,190
299,Linet,162
300,Max,150
301,Vladimir,189
302,Henrieta,160
303,Arin,171
304,Cecilia,171
305,Gearard,166
306,Arie,160
307,Zitella,151
308,Bobbette,162
309,Charmian,181
310,Karmen,185
311,Annelise,162
312,Chariot,180
313,Gauthier,170
314,Reagen,158
315,Matty,155
316,Trudey,183
317,Rafaellle,173
318,Sunshine,156
319,Dickie,150
320,Lynnea,168
321,Walsh,163
322,Florida,180
323,Dal,180
324,Sula,172
325,Roi,153
326,Hedwig,189
327,Tiebout,173
328,Minta,181
329,Skelly,154
330,Shay,168
331,Haily,155
332,Cristi,154
333,Hilarius,178
334,Flss,180
335,Darn,189
336,Hester,184
337,Nickola,165
338,Gualterio,176
339,Blayne,154
340,Enid,153
341,Bernard,169
342,Lesley,189
343,Glenda,151
344,Harley,185
345,De,165
346,Cornall,175
347,Marieann,168
348,Moore,166
349,Rosetta,155
350,Lambert,182
351,Kevon,175
352,Simona,177
353,Fifi,152
354,Jessie,153
355,Masha,154
356,Abbott,151
357,Milka,161
358,Monique,157
359,Jackie,183
360,Abigail,188
361,Domini,174
362,Isabeau,179
363,Misty,178
364,Teresa,153
365,Ray,183
366,Darrelle,165
367,Bobbie,155
368,Inglis,165
369,Virgina,180
370,Lacee,163
371,Cristi,171
372,Margette,158
373,Rog,165
374,Ty,185
375,Avery,176
376,Ulises,179
377,Fidelio,150
378,Nelie,159
379,Issie,154
380,Ava,172
381,Brita,173
382,Jeri,160
383,Consalve,159
384,Dominica,151
385,Winnie,174
386,Sibbie,185
387,Misty,152
388,Maddy,178
389,Crystal,170
390,Bobbye,187
391,Shawn,167
392,Virge,151
393,Osborne,168
394,Clark,181
395,Astrid,181
396,Dorrie,185
397,Sigismund,183
398,Jocelyn,162
399,Archy,158
400,Bebe,155
401,Clarie,186
402,Joell,152
403,Maurise,152
404,Sibyl,175
405,Thayne,161
406,Sanford,165
407,Terrie,188
408,Kit,181
409,Pris,156
410,Gayla,171
411,Ranice,178
412,Shawna,188
413,Morissa,163
414,Worth,188
415,Spence,167
416,Aurore,171
417,Coleman,176
418,Marianne,154
419,Clement,157
420,Cynthy,190
421,Alic,161
422,Loretta,182
423,Susann,177
424,Herc,173
425,Gina,182
426,Bunnie,190
427,Sabina,157
428,Laverne,151
429,Dennie,154
430,Frederik,171
431,Felisha,166
432,Christabella,158
433,Lura,168
434,Sandra,188
435,Hale,190
436,Payton,174
437,Holly,156
438,Gina,167
439,Edd,174
440,Artair,152
441,Ban,159
442,Alley,154
443,Justina,185
444,Mayor,158
445,Julienne,170
446,Yettie,184
447,Raychel,188
448,Alexandr,163
449,Torrin,157
450,Jorge,176
451,Alexandre,174
452,Constantia,174
453,Thorin,188
454,Meg,189
455,Andee,187
456,Briano,164
457,Chalmers,185
458,Ad,180
459,Chancey,170
460,Carly,169
461,Guthrey,152
462,Paxon,189
463,Merwyn,163
464,Karl,183
465,Giorgio,153
466,Dulcinea,181
467,Davine,168
468,Ignatius,157
469,Esma,173
470,Lorin,186
471,Brunhilde,154
472,Celia,151
473,Vivia,161
474,Violante,175
475,Bernard,179
476,Jamey,172
477,Kris,168
478,Elladine,166
479,Dwayne,178
480,Cassey,163
481,Luis,152
482,Teddy,161
483,Sophi,185
484,Ardeen,157
485,Mikael,169
486,Laure,190
487,Karissa,190
488,Nicky,167
489,Valeria,186
490,Marcelline,172
491,Adamo,178
492,Daryle,189
493,Holli,182
494,Cyrill,173
495,Giselbert,184
496,Umberto,176
497,Rancell,153
498,Davida,158
499,Annalise,150
500,Barron,155
501,Emmeline,152
502,Alvy,190
503,Belvia,166
504,Linnell,171
505,Vladamir,180
506,Arty,173
507,Glad,186
508,Aryn,183
509,Casper,171
510,Bryon,150
511,Letisha,162
512,Phillipp,150
513,Emmet,175
514,Cassie,155
515,Ettore,178
516,Winslow,151
517,Merrill,184
518,Carver,150
519,Hale,183
520,Adam,186
521,Olivie,165
522,Devan,179
523,Paton,189
524,Noam,179
525,Ibbie,161
526,Darrelle,189
527,Gianna,186
528,Sapphire,164
529,Garrik,185
530,Hilary,159
531,Yetta,168
532,Gerrard,155
533,Jonis,151
534,Bernetta,165
535,Burg,153
536,Simeon,171
537,Florette,187
538,Brittaney,159
539,Granthem,171
540,Oswald,159
541,Bruis,151
542,Bentlee,183
543,Penn,168
544,Agnes,190
545,Ariana,171
546,Gerianna,162
547,Yvon,167
548,Ramsay,158
549,Julio,158
550,Gracia,167
551,Bernard,178
552,Annemarie,172
553,Kelsi,155
554,Tiebout,159
555,Rhys,182
556,Alfie,187
557,Torey,177
558,Quintana,167
559,Josefa,184
560,Melantha,179
561,Fidelity,156
562,Roddy,171
563,Dannie,159
564,Lavena,179
565,Lissy,153
566,Artemas,150
567,Town,167
568,Gabbie,153
569,Esteban,189
570,Appolonia,159
571,Merrel,160
572,Gaye,150
573,Alphard,185
574,Patrice,160
575,Delaney,189
576,Ebenezer,155
577,Biddie,162
578,Ollie,150
579,Carmelita,176
580,Garrott,189
581,Gelya,174
582,Bary,172
583,Carlina,164
584,Fenelia,180
585,Nevil,175
586,Lynda,189
587,Jeramey,174
588,Marty,163
589,Davon,164
590,Evonne,187
591,Millisent,166
592,Darrick,162
593,Missy,159
594,Maury,185
595,Sherill,179
596,Brigg,153
597,Koo,175
598,Vannie,163
599,Gery,181
600,Valene,184
601,Alberik,152
602,Riannon,189
603,Marrissa,150
604,Jeralee,176
605,Burnaby,176
606,Alphard,152
607,Tobit,163
608,Artur,176
609,Verney,187
610,Lynde,156
611,Kort,162
612,Rollo,187
613,Rockie,170
614,Appolonia,162
615,Alice,189
616,Caprice,172
617,Sayer,155
618,Stacey,166
619,Wilton,183
620,Camille,151
621,Gery,184
622,Tonie,186
623,Jaquelyn,186
624,Gustavus,166
625,Mellisa,163
626,Hector,169
627,Gabbi,180
628,Babara,157
629,Blisse,162
630,Paxon,188
631,Vivian,156
632,Davy,150
633,Catlin,158
634,Milt,157
635,Dorian,184
636,Alvira,186
637,Hadrian,170
638,Gar,190
639,Tybie,186
640,Thacher,168
641,Alexandr,179
642,Orelle,173
643,Laird,154
644,Hewet,169
645,Zea,162
646,Dominic,156
647,Teddy,184
648,Milzie,187
649,Billye,171
650,Pietro,156
651,Olivia,177
652,Lesli,161
653,Dur,156
654,Fredric,160
655,Jammie,175
656,Bill,176
657,Roth,190
658,Maison,167
659,Gerrie,160
660,Brody,150
661,Anitra,187
662,Corrinne,163
663,Latashia,188
664,Idalia,164
665,Anastassia,181
666,Tatum,161
667,Winthrop,163
668,Elaine,181
669,Terence,156
670,Sammie,172
671,Berti,160
672,Waite,156
673,Waite,180
674,Cornie,185
675,Jamaal,173
676,Margalo,163
677,Corabel,189
678,Phylis,156
679,Osborn,158
680,Kris,160
681,Eolande,184
682,Loren,182
683,Shel,158
684,Candida,177
685,Beatrix,180
686,Ulises,159
687,Wendell,190
688,Christoforo,180
689,Merrie,169
690,Sauncho,188
691,Finley,174
692,Abra,154
693,Nevin,152
694,Matthew,154
695,Anne,171
696,Gaven,180
697,Holmes,151
698,Roderick,169
699,Fancie,185
700,Teirtza,185
701,Jolee,162
702,Philippa,172
703,Gus,153
704,Gilligan,179
705,Hilario,169
706,Rustie,165
707,Dario,158
708,Lavina,174
709,Tallou,156
710,Yvon,185
711,Grayce,152
712,Pooh,184
713,Jannelle,170
714,Porty,174
715,Fiona,190
716,Mella,157
717,Hetty,169
718,Ev,185
719,Rafaelia,164
720,Chrissy,173
721,Florencia,176
722,Victoria,174
723,Mel,181
724,Roslyn,156
725,Maxi,153
726,Kale,183
727,Mariele,184
728,Domingo,167
729,Web,186
730,Sarine,180
731,Susanna,151
732,Donny,171
733,Horton,158
734,Aldin,155
735,Glen,177
736,Neely,184
737,Lethia,171
738,Vin,189
739,Redford,162
740,Zared,175
741,Jeffie,154
742,Marigold,163
743,Parrnell,189
744,Basile,190
745,Fancie,176
746,Alia,180
747,Pete,185
748,Milty,174
749,Lenka,186
750,Allegra,190
751,Grissel,166
752,Krissy,183
753,Rene,171
754,Ingram,172
755,Jobie,151
756,Douglass,181
757,Elnore,169
758,Isabelita,187
759,Orlan,169
760,Udall,183
761,Nellie,150
762,Clive,183
763,Brita,185
764,Randall,159
765,Mario,152
766,Dukey,189
767,Adelbert,159
768,Lin,155
769,Gwenore,161
770,Kari,170
771,Charline,180
772,Taber,181
773,Rosana,154
774,Marcille,169
775,Katherina,161
776,Sofia,155
777,Gloria,156
778,Kittie,187
779,Minnnie,158
780,Phelia,188
781,Faulkner,158
782,Penn,151
783,Suki,188
784,Cordie,181
785,Florrie,186
786,Barnaby,170
787,Aguste,169
788,Leo,171
789,Avrit,188
790,Skippie,151
791,Cordy,174
792,Sky,163
793,Bernardo,168
794,Blake,190
795,Emmi,188
796,Eugene,177
797,Skip,190
798,Marinna,152
799,Emmi,181
800,Mavra,150
801,Emmett,180
802,Brucie,156
803,Martita,154
804,Hermina,176
805,Zola,190
806,Carolus,178
807,Nicol,163
808,Jacinda,171
809,Nickie,150
810,Genevieve,190
811,Natasha,150
812,Doro,189
813,Koenraad,187
814,Sam,155
815,Sayre,172
816,Karina,152
817,Lutero,168
818,Jephthah,173
819,Rosco,181
820,Gawen,159
821,Brittaney,183
822,Yuma,165
823,Quentin,176
824,Alene,157
825,Andrey,178
826,Tome,160
827,Tiena,155
828,Adi,161
829,Corrina,181
830,Adey,190
831,Rees,177
832,Sidney,179
833,Ula,164
834,Meredith,157
835,Lefty,161
836,Justen,172
837,Cher,184
838,Fee,189
839,Anne-corinne,168
840,Zarla,187
841,Thane,187
842,Brandyn,165
843,Marlow,183
844,Britt,167
845,Mohammed,155
846,Tammie,153
847,Lorant,178
848,Hamel,170
849,Alexia,153
850,Nollie,181
851,Erminia,186
852,Arney,155
853,Silvester,150
854,Joel,187
855,Cad,189
856,Sarina,167
857,Katinka,188
858,Ilene,151
859,Gwendolen,171
860,Fitz,165
861,Tedi,188
862,Elmira,165
863,Ram,172
864,Antonin,186
865,Clement,154
866,Cinderella,168
867,Sarine,190
868,Brittney,165
869,Ken,177
870,Bayard,177
871,Pattie,161
872,Anica,151
873,Alecia,187
874,Beverlee,183
875,Keven,171
876,Royal,181
877,Roselin,172
878,Nata,167
879,Donal,176
880,Ted,172
881,Trip,174
882,Lil,154
883,Daisi,170
884,Donnamarie,170
885,Bail,161
886,Isador,170
887,Eleanore,158
888,Marcille,173
889,Dom,171
890,Marti,172
891,Ariela,173
892,Kittie,180
893,Wake,189
894,Katheryn,176
895,Dar,179
896,Cherin,152
897,Carine,160
898,Abie,165
899,Rolf,179
900,Sibylle,154
901,Felix,173
902,Halsey,177
903,Iseabal,177
904,Barnard,161
905,Sherilyn,184
906,Hedwig,186
907,Madge,186
908,Trace,160
909,Willi,163
910,Josselyn,160
911,Jamesy,167
912,Arabela,177
913,Benedict,183
914,Royal,160
915,Etienne,169
916,Arne,180
917,Linette,153
918,Dulce,169
919,Jolee,189
920,Janela,173
921,Millard,154
922,Simmonds,155
923,Eberto,174
924,Verney,150
925,Mab,178
926,Adelice,179
927,Colas,177
928,Alexa,175
929,Isac,154
930,Evania,157
931,Lelia,157
932,Lianne,179
933,Crosby,159
934,Kym,173
935,Kassandra,159
936,Hy,166
937,Suzanna,151
938,Nani,175
939,Merridie,157
940,Kathleen,167
941,Kirsti,167
942,Thatcher,184
943,Pierson,157
944,Megen,162
945,Brana,169
946,Avrom,155
947,Katya,181
948,Sue,151
949,Deane,171
950,Pippo,150
951,Coreen,178
952,Gerrie,167
953,Aaren,155
954,Corabel,173
955,Mace,173
956,Clea,184
957,Robenia,188
958,Lolly,152
959,Dominik,151
960,Gunther,158
961,Meggy,154
962,Garold,152
963,Gwendolyn,179
964,Lisle,169
965,Kassi,170
966,Hillery,182
967,Cindi,181
968,Chevy,184
969,Eda,185
970,Jemmie,190
971,Alina,186
972,Ly,174
973,Muire,185
974,Wainwright,183
975,Jasen,156
976,Teddy,187
977,Bobbee,179
978,Cassie,154
979,Neale,159
980,Alberik,185
981,Homer,175
982,Vaclav,181
983,Eran,169
984,Rayna,177
985,Babette,184
986,Ysabel,162
987,Leonanie,158
988,Nataline,167
989,Celle,188
990,Constantin,150
991,Darryl,173
992,Dorene,184
993,Boyd,160
994,Dietrich,160
995,Leora,166
996,Rosalinda,152
997,Lyndell,180
998,Hulda,169
999,Sabina,157
1000,Alysia,185
